name	version	os	arch	format	member	sha256	url
go	1.27.0	darwin	amd64	go-tar.gz	go	d3314e25496e4381d71a5c51d2907e7af655d199f6780b549f015bd85fef4986	https://go.dev/dl/go1.27.0.darwin-amd64.tar.gz
go	1.27.0	darwin	arm64	go-tar.gz	go	90493b3bbd5e10f91d12153198bf1994fd756399b4fec93b49b0c6e2acdeeb3e	https://go.dev/dl/go1.27.0.darwin-arm64.tar.gz
go	1.27.0	linux	amd64	go-tar.gz	go	675c26c449cbb18fc24b74650de1eabbae6e16f64326fd85a283fb3b58280685	https://go.dev/dl/go1.27.0.linux-amd64.tar.gz
go	1.27.0	linux	arm64	go-tar.gz	go	51798d2c42d0e1c6ed7fd9f48728b4193abac9e8aad6dbac2fe96a81f5909bda	https://go.dev/dl/go1.27.0.linux-arm64.tar.gz
golangci-lint	2.13.2	darwin	amd64	tar.gz	golangci-lint-2.13.2-darwin-amd64/golangci-lint	8a13aaf9cbbb1dee52824e862cf0d0720e5bb97c1f4260d1e51623a09492b57b	https://github.com/golangci/golangci-lint/releases/download/v2.13.2/golangci-lint-2.13.2-darwin-amd64.tar.gz
golangci-lint	2.13.2	darwin	arm64	tar.gz	golangci-lint-2.13.2-darwin-arm64/golangci-lint	f4bf83f0b64f055c42b28fc9a38861839f69c096e61c788e72dfaae412011789	https://github.com/golangci/golangci-lint/releases/download/v2.13.2/golangci-lint-2.13.2-darwin-arm64.tar.gz
golangci-lint	2.13.2	linux	amd64	tar.gz	golangci-lint-2.13.2-linux-amd64/golangci-lint	2277d43b98ec0054280f2ac26b53268bae97682444678a59a657dd565da021d6	https://github.com/golangci/golangci-lint/releases/download/v2.13.2/golangci-lint-2.13.2-linux-amd64.tar.gz
golangci-lint	2.13.2	linux	arm64	tar.gz	golangci-lint-2.13.2-linux-arm64/golangci-lint	a2a4e0065aa41be71f7c5ac90f271b61751331e5d04314e62afe4027855f0893	https://github.com/golangci/golangci-lint/releases/download/v2.13.2/golangci-lint-2.13.2-linux-arm64.tar.gz
sqlc	1.31.1	darwin	amd64	tar.gz	sqlc	c5af76772e3785d21663a62697056b383f07629979b1bd25b93872e73dbd519b	https://github.com/sqlc-dev/sqlc/releases/download/v1.31.1/sqlc_1.31.1_darwin_amd64.tar.gz
sqlc	1.31.1	darwin	arm64	tar.gz	sqlc	21602158c99eb1f2bae197a66abfb1941d1e9e50b23125bb193349c6b1acc71e	https://github.com/sqlc-dev/sqlc/releases/download/v1.31.1/sqlc_1.31.1_darwin_arm64.tar.gz
sqlc	1.31.1	linux	amd64	tar.gz	sqlc	497ae4fcdfa64c5b0c311ffe4c2bd991e43991e82e5367792ed78bc2dca27354	https://github.com/sqlc-dev/sqlc/releases/download/v1.31.1/sqlc_1.31.1_linux_amd64.tar.gz
sqlc	1.31.1	linux	arm64	tar.gz	sqlc	b7cae247740d0c51a1e657479e5b2d21e6fef428f596682a01bc55bf4ab8a23d	https://github.com/sqlc-dev/sqlc/releases/download/v1.31.1/sqlc_1.31.1_linux_arm64.tar.gz
goose	3.27.3	darwin	amd64	raw	-	bdaaddcaf1bce02a31a580242db507cfec35354ea14fb9e4a6c6aea1031422d5	https://github.com/pressly/goose/releases/download/v3.27.3/goose_darwin_x86_64
goose	3.27.3	darwin	arm64	raw	-	86bf41d1a81e2eabc0f621dc020303513364d9cad9e3d1d4987fdfcf7dd8f4ae	https://github.com/pressly/goose/releases/download/v3.27.3/goose_darwin_arm64
goose	3.27.3	linux	amd64	raw	-	ca18112e2438b3ad608af9a5938beafd01fa36a4a19a3edbe4f29226ca5c8533	https://github.com/pressly/goose/releases/download/v3.27.3/goose_linux_x86_64
goose	3.27.3	linux	arm64	raw	-	a774a3ed3381352a795b2a019b604792965546f6f47b34b59896288d97bf4809	https://github.com/pressly/goose/releases/download/v3.27.3/goose_linux_arm64
shfmt	3.14.0	darwin	amd64	raw	-	74255a8087d74a79f5c1307db807e7efa8f062c429e3a05c075550392e0dcfa1	https://github.com/mvdan/sh/releases/download/v3.14.0/shfmt_v3.14.0_darwin_amd64
shfmt	3.14.0	darwin	arm64	raw	-	4710ba8074a74334069719d5b82f8cb97532e5623bfe43ef7cdb3442101b9cb2	https://github.com/mvdan/sh/releases/download/v3.14.0/shfmt_v3.14.0_darwin_arm64
shfmt	3.14.0	linux	amd64	raw	-	fe42021c7272ef2d67ea36cbc3031683c625d0badec733ef3a57b567246a0b66	https://github.com/mvdan/sh/releases/download/v3.14.0/shfmt_v3.14.0_linux_amd64
shfmt	3.14.0	linux	arm64	raw	-	8029959a945b5c6f2bc92ce53fca5cf0384c811cc0884b25b196a093a005657a	https://github.com/mvdan/sh/releases/download/v3.14.0/shfmt_v3.14.0_linux_arm64
shellcheck	0.11.0	darwin	amd64	tar.gz	shellcheck-v0.11.0/shellcheck	c2c15e08df0e8fbc374c335b230a7ee958c313fa5714817a59aa59f1aa594f51	https://github.com/koalaman/shellcheck/releases/download/v0.11.0/shellcheck-v0.11.0.darwin.x86_64.tar.gz
shellcheck	0.11.0	darwin	arm64	tar.gz	shellcheck-v0.11.0/shellcheck	339b930feb1ea764467013cc1f72d09cd6b869ebf1013296ba9055ab2ffbd26f	https://github.com/koalaman/shellcheck/releases/download/v0.11.0/shellcheck-v0.11.0.darwin.aarch64.tar.gz
shellcheck	0.11.0	linux	amd64	tar.gz	shellcheck-v0.11.0/shellcheck	b7af85e41cc99489dcc21d66c6d5f3685138f06d34651e6d34b42ec6d54fe6f6	https://github.com/koalaman/shellcheck/releases/download/v0.11.0/shellcheck-v0.11.0.linux.x86_64.tar.gz
shellcheck	0.11.0	linux	arm64	tar.gz	shellcheck-v0.11.0/shellcheck	68a8133197a50beb8803f8d42f9908d1af1c5540d4bb05fdfca8c1fa47decefc	https://github.com/koalaman/shellcheck/releases/download/v0.11.0/shellcheck-v0.11.0.linux.aarch64.tar.gz
rumdl	0.2.62	darwin	amd64	tar.gz	rumdl	3cb4e17fda2703860f75a5ee1d1c08ee0bab045713b3b30edb5e60c192a93e3c	https://github.com/rvben/rumdl/releases/download/v0.2.62/rumdl-v0.2.62-x86_64-apple-darwin.tar.gz
rumdl	0.2.62	darwin	arm64	tar.gz	rumdl	3fd051ccb75e790635a7eb19585b4060c4c78bd3e7362daa98fa55dc46626b41	https://github.com/rvben/rumdl/releases/download/v0.2.62/rumdl-v0.2.62-aarch64-apple-darwin.tar.gz
rumdl	0.2.62	linux	amd64	tar.gz	rumdl	12058de9ab5e0078a468d11bd1a8c5b79f69768a15c06832cebde715075ed893	https://github.com/rvben/rumdl/releases/download/v0.2.62/rumdl-v0.2.62-x86_64-unknown-linux-gnu.tar.gz
rumdl	0.2.62	linux	arm64	tar.gz	rumdl	e0ad6d61afb9f4f734b297674e562846ee29b33f21618ce0678c9ea151d5d73a	https://github.com/rvben/rumdl/releases/download/v0.2.62/rumdl-v0.2.62-aarch64-unknown-linux-gnu.tar.gz
vacuum	0.30.1	darwin	amd64	tar.gz	vacuum	ae6c5a4116cf4c8541de5f469d8fbf9a13b2c06e8c7149a18cf5afe220e23a21	https://github.com/daveshanley/vacuum/releases/download/v0.30.1/vacuum_0.30.1_darwin_x86_64.tar.gz
vacuum	0.30.1	darwin	arm64	tar.gz	vacuum	3101425ee2983bb5d4b6ae2d101bc266b9c69bc4a510b816df2c98deafa42ab8	https://github.com/daveshanley/vacuum/releases/download/v0.30.1/vacuum_0.30.1_darwin_arm64.tar.gz
vacuum	0.30.1	linux	amd64	tar.gz	vacuum	7e104d44c0987d95cd6499d2517175d7a7bba93be3ac5eb402aff0fbe7df8917	https://github.com/daveshanley/vacuum/releases/download/v0.30.1/vacuum_0.30.1_linux_x86_64.tar.gz
vacuum	0.30.1	linux	arm64	tar.gz	vacuum	5f48c76266192f6e50cc58080d54e76f2a70924e5028ec692cda2a591a0c0c19	https://github.com/daveshanley/vacuum/releases/download/v0.30.1/vacuum_0.30.1_linux_arm64.tar.gz
